,node_name,Count_Jan,Predicted_may,predicted_June,jun_cases,May_cases,Reduced_May,Reduced_Jun
0,"Aargau,Switzerland",8,41.72257313340164,139.31314160951237,8,8,12.584405103388693,35.971141370878414
1,"Abruzzo,Italy",1,1.1683538597289633,3.0610871124898806,1,1,1.1683538597289633,3.0610871124898806
2,"Abu Dhabi,United Arab Emirates",2,2.3367077194579267,6.122174224979761,2,2,2.3367077194579267,6.122174224979761
3,"Abuja,Nigeria",168,202.75859688557944,537.2275238402174,417,417,196.93096327957755,516.5591237924931
4,"Addis Ababa,Ethiopia",69,83.85399054685533,222.69745523276097,82,82,80.94017374385434,212.36325520889824
5,"Adrar,Algeria",3,3.505061579186891,9.18326133746966,3,3,3.505061579186891,9.18326133746966
6,"Agder,Norway",11,12.851892457018605,33.67195823738875,11,11,12.851892457018605,33.67195823738875
7,"Aguascalientes,Mexico",363,424.11245108161387,1111.1746218338287,363,363,424.11245108161387,1111.1746218338287
8,"Aichi Prefecture,Japan",98,133.92412360678023,368.8812038497648,98,98,116.4412227887727,306.87600370658464
9,"Ain Defla,Algeria",31,36.218969651597874,94.8937004871865,31,31,36.218969651597874,94.8937004871865
10,"Ain Temouchent,Algeria",7,8.178477018102747,21.427609787429194,7,7,8.178477018102747,21.427609787429194
11,"Akershus,Norway",1,7.643502310842952,26.02597605440852,1,1,1.8158687048403628,5.357576006681749
12,"Akita,Japan",4,4.673415438915853,12.244348449959523,4,4,4.673415438915853,12.244348449959523
13,"Akmola,Kazakhstan",9,10.515184737560672,27.549784012408942,9,9,10.515184737560672,27.549784012408942
14,"Aktobe,Kazakhstan",2,2.3367077194579267,6.122174224979761,2,2,2.3367077194579267,6.122174224979761
15,"Akwa Ibom,Nigeria",16,18.693661755663413,48.97739379983809,19,19,18.693661755663413,48.97739379983809
16,"Alabama,United States",250,295.32603915779845,776.7542225934332,250,250,292.4122223547963,766.4200225695657
17,"Alagoas,Brazil",3,3.505061579186891,9.18326133746966,3,3,3.505061579186891,9.18326133746966
18,"Alaska,United States",35,40.89238509051374,107.13804893714607,35,35,40.89238509051374,107.13804893714607
19,"Alberta,Canada",158,204.02535519051793,552.5464305991575,158,158,186.54245437251052,490.54123045597737
20,"Alborz,Iran",346,404.25043546622146,1059.1361409215008,346,346,404.25043546622146,1059.1361409215008
21,"Alentejo,Portugal",5,5.841769298644816,15.305435562449414,5,5,5.841769298644816,15.305435562449414
22,"Algarve,Portugal",42,49.07086210861645,128.56565872457494,42,42,49.07086210861645,128.56565872457494
23,"Alger,Algiers",181,230.8974939642841,622.9514341864253,181,181,213.41459314627667,560.9462340432445
24,"Algiers,Algeria",21,43.960876407650225,133.1774961880436,21,21,26.477975589642398,71.1722960448632
25,"Almaty,Kazakhstan",8,9.346830877831707,24.488696899919045,8,8,9.346830877831707,24.488696899919045
26,"Alto Parana,Paraguay",12,14.020246316747563,36.73304534987864,12,12,14.020246316747563,36.73304534987864
27,"Amhara,Ethiopia",2,2.3367077194579267,6.122174224979761,2,2,2.3367077194579267,6.122174224979761
28,"Andalusia,Spain",992,1159.007028851132,3036.598415589968,992,992,1159.007028851132,3036.598415589968
29,"Anhui,China",1576,1860.751128286186,4893.167956109811,1576,1576,1843.268227468179,4831.162755966633
30,"Annaba,Algeria",13,15.188600176476529,39.79413246236851,13,13,15.188600176476529,39.79413246236851
31,"Antioquia,Colombia",1,1.1683538597289633,3.0610871124898806,1,1,1.1683538597289633,3.0610871124898806
32,"Antofagasta,Chile",35,40.89238509051374,107.13804893714607,35,35,40.89238509051374,107.13804893714607
33,"Aragon,Spain",305,356.3479272173339,933.6315693094137,305,305,356.3479272173339,933.6315693094137
34,"Araucania,Chile",302,352.8428656381469,924.448307971944,302,302,352.8428656381469,924.448307971944
35,"Ardebil,Iran",52,60.754400705906114,159.17652984947404,52,52,60.754400705906114,159.17652984947404
36,"Arequipa,Peru",2,2.3367077194579267,6.122174224979761,2,2,2.3367077194579267,6.122174224979761
37,"Arica y Parinacota,Chile",6,7.010123158373782,18.36652267493932,6,6,7.010123158373782,18.36652267493932
38,"Arizona,United States",342,402.8145942528633,1058.3742369425036,342,342,399.9007774498607,1048.0400369186352
39,"Arkansas,United States",199,232.50241808606373,609.1563353854874,199,199,232.50241808606373,609.1563353854874
40,"Ashanti Region,Ghana",1,1.1683538597289633,3.0610871124898806,1,1,1.1683538597289633,3.0610871124898806
41,"Asturias,Spain",269,320.7623367182048,846.3973222016965,269,269,314.93470311220204,825.7289221539688
42,"Atacama,Chile",2,2.3367077194579267,6.122174224979761,2,2,2.3367077194579267,6.122174224979761
43,"Attica,Greece",9,10.515184737560672,27.549784012408942,9,9,10.515184737560672,27.549784012408942
44,"Atyrau,Kazakhstan",12,14.020246316747563,36.73304534987864,12,12,14.020246316747563,36.73304534987864
45,"Auckland,New Zealand",10,11.683538597289632,30.61087112489883,10,10,11.683538597289632,30.61087112489883
46,"Auvergne-Rhone-Alpes,France",958,1122.5205718459022,2944.00389823626,958,958,1119.6067550429027,2933.669698212411
47,"Aysen,Chile",2,2.3367077194579267,6.122174224979761,2,2,2.3367077194579267,6.122174224979761
48,"Azores,Portugal",11,12.851892457018605,33.67195823738875,11,11,12.851892457018605,33.67195823738875
49,"Azuay,Ecuador",5,5.841769298644816,15.305435562449414,5,5,5.841769298644816,15.305435562449414
50,"Baden-Wurttemberg,Germany",325,395.902875539698,1052.2655339140083,325,325,381.333791524692,1000.594533794692
51,"Baghdad,Iraq",6,7.010123158373782,18.36652267493932,6,6,7.010123158373782,18.36652267493932
52,"Bahia,Brazil",20,26.604651420136296,72.70418672075716,20,20,23.69083461713501,62.369986696893655
53,"Baja California Sur,Mexico",510,595.8604684617712,1561.1544273698423,510,510,595.8604684617712,1561.1544273698423
54,"Baja California,Mexico",1426,1669.3101781990567,4376.592666881523,1426,1426,1666.3963613960573,4366.258466857676
55,"Bajia,Brazil",1,1.1683538597289633,3.0610871124898806,1,1,1.1683538597289633,3.0610871124898806
56,"Baleares,Spain",9,10.515184737560672,27.549784012408942,9,9,10.515184737560672,27.549784012408942
57,"Balearic Islands,Spain",206,240.68089510416647,630.5839451729166,206,206,240.68089510416647,630.5839451729166
58,"Bangkok Metropolis,Thailand",8,22.297127780059665,70.41847478375631,8,8,10.641860568054478,29.08167468830272
59,"Basel,Switzerland",49,79.91235870561827,230.3703798087196,49,49,59.515641084609115,158.0309796416755
60,"Basel-Landschaft,Switzerland",89,123.40893886921953,341.33141983735544,89,89,105.92603805121206,279.32621969417596
61,"Basque Country,Spain",939,1103.559422736612,2897.3256875699226,939,939,1097.7317891306075,2876.657287522189
62,"Bauchi,Nigeria",37,43.22909280997167,113.26022316212574,223,223,43.22909280997167,113.26022316212574
63,"Bavaria,Germany",2072,2424.0667715839663,6354.054941549997,2072,2072,2421.152954780974,6343.720741526163
64,"Bayamión,Puerto Rico",2,15.287004621685904,52.05195210881704,2,2,3.6317374096807256,10.715152013363499
65,"Beijing,China",572,843.127415945044,2370.993829776019,572,572,685.7813085829738,1812.9470284873908
66,"Beirut,Lebanon",6,19.960420060601745,64.29630055877648,6,6,8.305152848596578,22.959500463323018
67,"Benue,Nigeria",1,1.1683538597289633,3.0610871124898806,5,5,1.1683538597289633,3.0610871124898806
68,"Berlin,Germany",239,288.9492951518936,766.0471532979615,239,239,280.2078447428888,735.0445532263685
69,"Bern,Switzerland",60,89.5266769370796,252.5598935751486,60,60,72.04377611907209,190.55469343196907
70,"Biobio,Chile",213,248.85937212226926,652.0115549603458,213,213,248.85937212226926,652.0115549603458
71,"Blida,Algeria",4,17.623712341143825,58.174126333796714,4,4,5.968445129138654,16.83732623834325
72,"Bouira,Algeria",9,10.515184737560672,27.549784012408942,9,9,10.515184737560672,27.549784012408942
73,"Boumerdes,Algeria",16,31.64395865789135,94.90717168367549,16,16,19.988691445886193,53.570371588221754
74,"Bourgogne-Franche-Comte,France",796,930.0096723442549,2436.6253415419496,796,796,930.0096723442549,2436.6253415419496
75,"Brandenburg,Germany",35,47.367533541627814,130.10293787906485,35,35,41.53989993562521,109.43453783133806
76,"Bratislavsky,Slovakia",1,1.1683538597289633,3.0610871124898806,1,1,1.1683538597289633,3.0610871124898806
77,"Bremen,Germany",28,32.71390807241099,85.71043914971678,28,28,32.71390807241099,85.71043914971678
78,"Bretagne,France",117,143.17255003940252,381.11208110323435,117,117,137.34491643340027,360.44368105550876
79,"British Columbia,Canada",313,388.35777767406415,1038.4973775060487,313,313,367.96106005305546,966.1579773390068
80,"Brittany,France",144,174.71810425208432,463.7614331404602,144,144,168.89047064608252,443.09303309273633
81,"Brussels,Belgium",222,275.5624279876149,736.9735613275514,222,222,260.9933439726087,685.3025612082349
82,"Bruxelles-Capitale,Belgium",1,14.118650761956937,48.990864996327126,1,1,2.4633835499517613,7.6540649008736095
83,"Bucharest,Romania",5,5.841769298644816,15.305435562449414,5,5,5.841769298644816,15.305435562449414
84,"Buenos Aires,Argentina",250,298.56361338335455,788.2366670643897,250,250,292.73597977735193,767.5682670166624
85,"Burgenland,Austria",71,82.95312404075642,217.33718498678155,71,71,82.95312404075642,217.33718498678155
86,"Busan,South Korea",158,191.07505828828994,506.61665271531893,158,158,185.24742468228797,485.9482526675947
87,"Bushehr,Iran",6,7.010123158373782,18.36652267493932,6,6,7.010123158373782,18.36652267493932
88,"Buzau,Romania",2,2.3367077194579267,6.122174224979761,2,2,2.3367077194579267,6.122174224979761
89,"Caaguazu,Paraguay",7,8.178477018102747,21.427609787429194,7,7,8.178477018102747,21.427609787429194
90,"Caguas,Puerto Rico",2,21.762153072799887,75.01684105073566,2,2,4.279252254792121,13.011640907555377
91,"California,United States",2362,2847.066320769845,7540.31376041698,2362,2362,2768.3932670888157,7261.290359772709
92,"Campania,Italy",3,3.505061579186891,9.18326133746966,3,3,3.505061579186891,9.18326133746966
93,"Campeche,Mexico",97,113.33032439370947,296.9254499115189,97,97,113.33032439370947,296.9254499115189
94,"Canary Islands,Spain",223,270.2556333962302,717.0697594981223,223,223,261.5141829872258,686.0671594265311
95,"Cantabria,Spain",236,275.73151089603545,722.4165585476128,236,236,275.73151089603545,722.4165585476128
96,"Capital Region,Denmark",134,156.5594172036811,410.1856730736444,134,134,156.5594172036811,410.1856730736444
97,"Capital Region,Iceland",6,13.485271609487748,41.331411616857906,6,6,7.657638003485167,20.663011569131136
98,"Carinthia,Austria",122,142.5391708869336,373.452627723766,122,122,142.5391708869336,373.452627723766
99,"Casablanca-Settat,Morocco",4,4.673415438915853,12.244348449959523,4,4,4.673415438915853,12.244348449959523
100,"Castile and Leon,Spain",1002,1177.1657158995365,3090.1741756567812,1002,1002,1171.3380822935328,3069.5057756090564
101,"Castilla y Leon,Spain",29,40.357410383254,111.7364152041256,29,29,34.52977677725138,91.0680151563986
102,"Castilla-La Mancha,Spain",27,38.020702663796044,105.61424097914565,27,27,32.193069057793416,84.94584093141874
103,"Castilla–La Mancha,Spain",1162,1364.1023334561714,3579.948113655166,1162,1162,1358.2746998501673,3559.2797136074346
104,"Catalonia,Spain",3443,4022.6423390468212,10539.32292830267,3443,3443,4022.6423390468212,10539.32292830267
105,"Ceara,Brazil",37,43.22909280997167,113.26022316212574,37,37,43.22909280997167,113.26022316212574
106,"Cebu,Philippines",2,2.3367077194579267,6.122174224979761,2,2,2.3367077194579267,6.122174224979761
107,"Central Region,Denmark",34,39.72403123078477,104.07696182465611,34,34,39.72403123078477,104.07696182465611
108,"Central,Paraguay",189,224.0564537143309,590.0279087315477,189,189,221.14263691132953,579.6937087076835
109,"Central,Russia",189,227.2940279398877,601.5103532025053,189,189,221.4663943338858,580.8419531547804
110,"Centre,Burkina Faso",92,107.48855509506463,281.6200143490691,92,92,107.48855509506463,281.6200143490691
111,"Centre,Cameroon",19,22.198723334850317,58.16065513730787,19,19,22.198723334850317,58.16065513730787
112,"Centre-Val de Loire,France",172,200.95686387338165,526.5069833482597,172,172,200.95686387338165,526.5069833482597
113,"Centro,Portugal",238,278.0682186154934,728.5387327725928,238,238,278.0682186154934,728.5387327725928
114,"Chaco,Argentina",98,114.4986782534384,299.9865370240085,98,98,114.4986782534384,299.9865370240085
115,"Chahar Mahall and Bakhtiari,Iran",18,21.030369475121343,55.099568024817884,18,18,21.030369475121343,55.099568024817884
116,"Chernivtsi,Ukraine",2,2.3367077194579267,6.122174224979761,2,2,2.3367077194579267,6.122174224979761
117,"Chiapas,Mexico",232,274.29566968267676,721.6546545686143,232,232,271.3818528796749,711.3204545447473
118,"Chiba Prefecture,Japan",34,52.67432813301269,150.00673970849334,34,34,41.01906092100752,108.66993961303973
119,"Chihuahua,Mexico",270,315.4555421268201,826.4935203722678,270,270,315.4555421268201,826.4935203722678
120,"Chisinau,Moldova",1,1.1683538597289633,3.0610871124898806,1,1,1.1683538597289633,3.0610871124898806
121,"Chongqing,China",824,969.1987288677817,2545.300669633584,824,824,963.3710952617766,2524.6322695858535
122,"Chuquisaca,Bolivia",1,1.1683538597289633,3.0610871124898806,1,1,1.1683538597289633,3.0610871124898806
123,"Ciudad de Buenos Aires,Argentina",335,397.8736914603166,1048.4290716260296,335,335,392.04605785431363,1027.760671578301
124,"Coahuila,Mexico",875,1022.3096272628433,2678.4512234286467,875,875,1022.3096272628433,2678.4512234286467
125,"Colima,Chile",28,32.71390807241099,85.71043914971678,28,28,32.71390807241099,85.71043914971678
126,"Colima,Mexico",41,47.90250824888749,125.50457161208531,41,41,47.90250824888749,125.50457161208531
127,"Colorado,United States",973,1217.7476611552063,3265.498872226638,973,973,1144.9022410801736,3007.143871630057
128,"Comunidad de Madrid,Spain",474,560.2748779626432,1473.9201802621255,474,474,554.4472443566394,1453.2517802143946
129,"Connecticut,United States",636,756.023351689848,1992.7811814274028,636,636,744.3680844778428,1951.4443813319472
130,"Cordillera,Paraguay",3,3.505061579186891,9.18326133746966,3,3,3.505061579186891,9.18326133746966
131,"Cordoba,Argentina",104,121.50880141181223,318.3530596989481,104,104,121.50880141181223,318.3530596989481
132,"Corrientes,Argentina",22,25.70378491403721,67.3439164747775,22,22,25.70378491403721,67.3439164747775
133,"Corse,France",64,81.24979547376775,218.8744641412712,64,64,75.42216186776496,198.2060640935442
134,"Corsica,France",26,36.85234880406708,102.55315386665589,26,26,31.024715198064442,81.88475381892886
135,"Cundinamarca,Colombia",3,3.505061579186891,9.18326133746966,3,3,3.505061579186891,9.18326133746966
136,"Daegu,South Korea",5064,5981.295430178613,15730.994027067982,5064,5064,5923.019094118579,15524.310026590712
137,"Daejeon,South Korea",20,29.84222564569322,84.18663119171626,20,20,24.014592039690662,63.51823114398969
138,"Dakar,Senegal",2,2.3367077194579267,6.122174224979761,2,2,2.3367077194579267,6.122174224979761
139,"Dalarna,Sweden",15,17.525307895934443,45.91630668734824,15,15,17.525307895934443,45.91630668734824
140,"Delaware,United States",95,114.23119089980835,302.285720157498,95,95,111.3173740968074,291.95152013363503
141,"Delhi,India",3689,4316.532536991256,11315.315246917098,29123,27815,4310.704903385263,11294.646846869397
142,"District of Columbia,United States",195,253.72959645160424,688.7715427032033,195,195,230.41906202759398,606.097942512296
143,"Distrito Federal,Brazil",230,275.1965361887752,727.0149248145909,230,230,269.3689025827731,706.3465247668643
144,"Distrito Federal,Mexico",554,647.2680382898458,1695.842260319394,554,554,647.2680382898458,1695.842260319394
145,"Drenthe,Netherlands",61,84.2198823456949,232.65609174572054,61,61,72.56461513368973,191.31929165026708
146,"Durango,Mexico",103,120.34044755208323,315.2919725864583,103,103,120.34044755208323,315.2919725864583
147,"East Azarbaijan,Iran",130,151.8860017647652,397.9413246236847,130,130,151.8860017647652,397.9413246236847
148,"East Kazakhstan,Kazakhstan",2,2.3367077194579267,6.122174224979761,2,2,2.3367077194579267,6.122174224979761
149,"Eastern Cape,South Africa",2,2.3367077194579267,6.122174224979761,2,2,2.3367077194579267,6.122174224979761
150,"Edo,Nigeria",44,51.40756982807442,134.687832949555,119,119,51.40756982807442,134.687832949555
151,"Ehime,Japan",4,11.148563890029832,35.209237391878155,4,4,5.320930284027239,14.54083734415136
152,"Ekiti,Nigeria",8,9.346830877831707,24.488696899919045,19,19,9.346830877831707,24.488696899919045
153,"El Oro,Ecuador",1,1.1683538597289633,3.0610871124898806,1,1,1.1683538597289633,3.0610871124898806
154,"Emilia-Romagna,Italy",89,103.98349351587778,272.4367530115999,89,89,103.98349351587778,272.4367530115999
155,"England,United Kingdom",12283,14383.26620130643,37714.157447422804,12283,12283,14354.128033276435,37610.81544718422
156,"Entre Rios,Argentina",13,15.188600176476529,39.79413246236851,13,13,15.188600176476529,39.79413246236851
157,"Enugu,Nigeria",3,3.505061579186891,9.18326133746966,16,16,3.505061579186891,9.18326133746966
158,"Esfahan,Iran",476,556.1364372309868,1457.0774655451855,476,476,556.1364372309868,1457.0774655451855
159,"Espirito Santo,Brazil",1,1.1683538597289633,3.0610871124898806,1,1,1.1683538597289633,3.0610871124898806
160,"Estado de Mexico,Mexico",2667,3128.9500407993773,8209.849106894366,2667,2667,3117.294773587369,8168.512306798907
161,"Extremadura,Spain",235,274.5631570363065,719.3554714351236,235,235,274.5631570363065,719.3554714351236
162,"Fajardo,Puerto Rico",1,14.118650761956937,48.990864996327126,1,1,2.4633835499517613,7.6540649008736095
163,"Far Eastern,Russia",3,3.505061579186891,9.18326133746966,3,3,3.505061579186891,9.18326133746966
164,"Fars,Iran",136,158.89612492313907,416.30784729862444,136,136,158.89612492313907,416.30784729862444
165,"Federal Capital Territory,Nigeria",10,18.158687048403593,53.57576006681744,10,10,12.33105344240102,32.90736001909068
166,"Federally Administered Tribal Area,Pakistan",2,2.3367077194579267,6.122174224979761,2,2,2.3367077194579267,6.122174224979761
167,"Flanders,Belgium",990,1169.620618033904,3076.4060192488346,990,990,1157.9653508218958,3035.069219153365
168,"Flevoland,Netherlands",53,81.34819991897695,231.1322837877196,53,53,63.865299100969345,169.12708364453985
169,"Florida,United States",1575,2322.5558886811123,6532.096428344503,1575,1575,1888.3971850339171,4992.300624788857
170,"Free State,South Africa",18,21.030369475121343,55.099568024817884,18,18,21.030369475121343,55.099568024817884
171,"French Guiana,France",4,4.673415438915853,12.244348449959523,4,4,4.673415438915853,12.244348449959523
172,"Fribourg,Switzerland",9,29.94063009090265,96.44445083816485,9,9,12.457729272894886,34.439250694984565
173,"Friesland,Netherlands",59,68.93287772400886,180.6041396369032,59,59,68.93287772400886,180.6041396369032
174,"Fujian,China",516,602.8705916201458,1579.5209500447816,516,516,602.8705916201458,1579.5209500447816
175,"Gabrovo,Bulgaria",2,2.3367077194579267,6.122174224979761,2,2,2.3367077194579267,6.122174224979761
176,"Galati,Romania",2,8.811856170571913,29.087063166898357,2,2,2.984222564569327,8.418663119171624
177,"Galicia,Spain",550,642.5946228509303,1683.5979118694365,550,550,642.5946228509303,1683.5979118694365
178,"Gangwon,South Korea",76,101.7451902416294,278.5723984330689,76,76,90.08992302962425,237.2355983376155
179,"Gansu,China",186,252.92713439071392,695.6690921036709,186,186,220.87514955770035,581.9928918411755
180,"Gauteng,South Africa",302,352.8428656381469,924.448307971944,302,302,352.8428656381469,924.448307971944
181,"Gavleborg,Sweden",10,11.683538597289632,30.61087112489883,10,10,11.683538597289632,30.61087112489883
182,"Gelderland,Netherlands",439,519.3824928721289,1366.782131324979,439,439,513.5548592661257,1346.1137312772485
183,"Geneva,Switzerland",4,4.673415438915853,12.244348449959523,4,4,4.673415438915853,12.244348449959523
184,"Georgia,United States",904,1088.5676314505533,2882.04719440045,904,904,1059.4294634205405,2778.70519416181
185,"Gifu,Japan",4,4.673415438915853,12.244348449959523,4,4,4.673415438915853,12.244348449959523
186,"Gilan,Iran",666,778.1236705794898,2038.684016918261,666,666,778.1236705794898,2038.684016918261
187,"Gilgit-Baltistan,Pakistan",4,4.673415438915853,12.244348449959523,4,4,4.673415438915853,12.244348449959523
188,"Goias,Brazil",9,10.515184737560672,27.549784012408942,9,9,10.515184737560672,27.549784012408942
189,"Golestan,Iran",74,86.45818561994334,226.52044632425148,74,74,86.45818561994334,226.52044632425148
190,"Gorj,Romania",2,2.3367077194579267,6.122174224979761,2,2,2.3367077194579267,6.122174224979761
191,"Grand Est,France",1949,2280.3592468373045,5977.541226713736,1949,1949,2277.4454300343114,5967.207026689901
192,"Graubuenden,Switzerland",2,2.3367077194579267,6.122174224979761,2,2,2.3367077194579267,6.122174224979761
193,"Greater Accra Region,Ghana",15,17.525307895934443,45.91630668734824,15,15,17.525307895934443,45.91630668734824
194,"Greater Poland,Poland",22,25.70378491403721,67.3439164747775,22,22,25.70378491403721,67.3439164747775
195,"Groningen,Netherlands",81,101.11181108916013,270.9129450535994,81,81,95.28417748315736,250.24454500587268
196,"Guadeloupe,France",11,12.851892457018605,33.67195823738875,11,11,12.851892457018605,33.67195823738875
197,"Guanajuato,Mexico",484,565.4832681088184,1481.5661624451056,484,484,565.4832681088184,1481.5661624451056
198,"Guangdong,China",2456,2875.9522279454422,7540.994837217061,2456,2456,2870.1245943394456,7520.326437169353
199,"Guangxi,China",498,581.8402221450237,1524.4213820199604,498,498,581.8402221450237,1524.4213820199604
200,"Guatemala City,Guatemala",2,8.811856170571913,29.087063166898357,2,2,2.984222564569327,8.418663119171624
201,"Guayas,Ecuadar",4,4.673415438915853,12.244348449959523,4,4,4.673415438915853,12.244348449959523
202,"Guayas,Ecuador",72,87.35905212604216,231.8807165702301,72,72,84.44523532304126,221.54651654636817
203,"Guerrero,Mexico",295,344.6643886200442,903.0206981845153,295,295,344.6643886200442,903.0206981845153
204,"Guizhou,China",180,216.77884320232704,573.9605691900974,180,180,210.95120959632519,553.2921691423717
205,"Gwangju,South Korea",16,25.168810206777387,71.94228274175683,16,16,19.341176600774805,51.27388269403007
206,"Gyeonggi,South Korea",118,144.34090389913158,384.173168215724,118,118,138.5132702931292,363.50476816799835
207,"HaDarom,Israel",4,17.623712341143825,58.174126333796714,4,4,5.968445129138654,16.83732623834325
208,"HaMerkaz,Israel",2,15.287004621685904,52.05195210881704,2,2,3.6317374096807256,10.715152013363499
209,"Hainan,China",268,319.593982858476,843.3362350892086,268,268,313.7663492524732,822.6678350414788
210,"Halland,Sweden",9,10.515184737560672,27.549784012408942,9,9,10.515184737560672,27.549784012408942
211,"Hamadan,Iran",32,37.38732351132683,97.95478759967618,32,32,37.38732351132683,97.95478759967618
212,"Hamburg,Germany",436,519.1150055184993,1369.081314458467,436,436,510.37355510949436,1338.078714386874
213,"Harju,Estonia",1,1.1683538597289633,3.0610871124898806,1,1,1.1683538597289633,3.0610871124898806
214,"Haryana,India",72,90.59662635159945,243.36316104119024,1171,1041,84.76899274559665,222.69476099346343
215,"Hauts-de-France,France",859,1003.6159655071797,2629.4738296288106,859,859,1003.6159655071797,2629.4738296288106
216,"Hawaii,United States",89,136.35923577144766,387.2611977211926,89,89,107.22106774143457,283.9191974825586
217,"Hebei,China",402,469.6782516110434,1230.5570192209339,402,402,469.6782516110434,1230.5570192209339
218,"Heilongjiang,China",562,656.6148691676774,1720.3309572193139,562,562,656.6148691676774,1720.3309572193139
219,"Henan,China",2070,2431.4427865411853,6382.380100737899,2070,2070,2419.7875193291757,6341.043300642433
220,"Herat,Afghanistan",8,15.821979328945675,47.45358584183774,8,8,9.994345722943097,26.785185794110877
221,"Hesse,Germany",275,324.53488565102276,853.2814004056811,275,275,321.6210688480203,842.9472003818125
222,"Hidalgo,Mexico",318,371.5365273938103,973.4257017717837,318,318,371.5365273938103,973.4257017717837
223,"Hofudborgarsvaedi,Iceland",6,13.485271609487748,41.331411616857906,6,6,7.657638003485167,20.663011569131136
224,"Hokkaido,Japan",164,204.56032989777825,547.9480643321787,164,164,192.9050626857726,506.611264236724
225,"Holy Cross,Poland",2,2.3367077194579267,6.122174224979761,2,2,2.3367077194579267,6.122174224979761
226,"Hong Kong,China",102,138.59753904569604,381.12555229972367,102,102,121.11463822768854,319.12035215654413
227,"Hormozgan,Iran",26,30.377200352953057,79.58826492473702,26,26,30.377200352953057,79.58826492473702
228,"Hubei,China",20340,23929.43379239047,62848.11653606306,20340,20340,23780.82913543741,62321.07233484604
229,"Hunan,China",1768,2068.8871982263627,5423.484459353073,1768,1768,2065.973381423363,5413.1502593292125
230,"Hyogo,Japan",10,11.683538597289632,30.61087112489883,10,10,11.683538597289632,30.61087112489883
231,"Idaho,United States",87,104.88436002197662,277.79702325757864,87,87,101.97054321897566,267.46282323371594
232,"Ilam,Iran",22,25.70378491403721,67.3439164747775,22,22,25.70378491403721,67.3439164747775
233,"Ile-de-France,France",2970,3473.248537620575,9102.91116856592,2970,2970,3470.334720817584,9092.576968542066
234,"Illinois,United States",1570,1844.0282824511423,4840.354100021993,1570,1570,1835.2868320421387,4809.351499950408
235,"Incheon,South Korea",12,20.495394767861523,59.697934291797225,12,12,14.66776116185895,39.02953424407042
236,"Indiana,United States",373,448.74628658113073,1187.7152708425629,373,373,437.09101936912685,1146.378470747111
237,"Inner Mongolia,China",292,341.1593270408573,893.8374368470456,292,292,341.1593270408573,893.8374368470456
238,"Innlandet,Norway",38,44.397446669700635,116.32131027461574,38,38,44.397446669700635,116.32131027461574
239,"Iowa,United States",128,149.5492940453073,391.8191503987047,128,128,149.5492940453073,391.8191503987047
240,"Ishikawa,Japan",8,9.346830877831707,24.488696899919045,8,8,9.346830877831707,24.488696899919045
241,"Jalisco,Mexico",975,1139.1450132357395,2984.559934677637,975,975,1139.1450132357395,2984.559934677637
242,"Jambyl,Kazakhstan",3,3.505061579186891,9.18326133746966,3,3,3.505061579186891,9.18326133746966
243,"Jamtland,Sweden",15,17.525307895934443,45.91630668734824,15,15,17.525307895934443,45.91630668734824
244,"Jeju,South Korea",8,35.24742468228765,116.34825266759343,8,8,11.936890258277309,33.6746524766865
245,"Jeollabuk-do,South Korea",2,2.3367077194579267,6.122174224979761,2,2,2.3367077194579267,6.122174224979761
246,"Jiangsu,China",982,1147.3234902538425,3005.98754446507,982,982,1147.3234902538425,3005.98754446507
247,"Jiangxi,China",1610,1894.0000110658623,4974.28002899256,1610,1610,1882.3447438538524,4932.94322889709
248,"Jilin,China",200,269.2840884269196,738.5243116785296,200,200,237.23210359390586,624.8481114160337
249,"Johor,Malaysia",4,4.673415438915853,12.244348449959523,4,4,4.673415438915853,12.244348449959523
250,"Jonkoping,Sweden",13,15.188600176476529,39.79413246236851,13,13,15.188600176476529,39.79413246236851
251,"Jujuy,Argentina",3,3.505061579186891,9.18326133746966,3,3,3.505061579186891,9.18326133746966
252,"Jura,Switzerland",27,50.97099956602401,151.54401886298285,27,27,33.48809874801619,89.53881871980246
253,"Kaduna,Nigeria",35,40.89238509051374,107.13804893714607,152,152,40.89238509051374,107.13804893714607
254,"Kalmar,Sweden",7,8.178477018102747,21.427609787429194,7,7,8.178477018102747,21.427609787429194
255,"Kanagawa Prefecture,Japan",1130,1333.1901583959589,3504.958214997411,1130,1130,1321.5348911839503,3463.621414901949
256,"Kansas,United States",107,147.67688256989794,407.9134323331322,107,107,127.28016494888874,335.5740321660885
257,"Karbala,Iraq",2,2.3367077194579267,6.122174224979761,2,2,2.3367077194579267,6.122174224979761
258,"Kedah,Malaysia",2,2.3367077194579267,6.122174224979761,2,2,2.3367077194579267,6.122174224979761
259,"Kentucky,United States",167,195.115094574737,511.2015477858106,167,167,195.115094574737,511.2015477858106
260,"Kerala,India",1,1.1683538597289633,3.0610871124898806,8,8,1.1683538597289633,3.0610871124898806
261,"Kerman,Iran",36,42.06073895024269,110.19913604963577,36,36,42.06073895024269,110.19913604963577
262,"Kermanshah,Iran",44,51.40756982807442,134.687832949555,44,44,51.40756982807442,134.687832949555
263,"Khanh Hoa,Vietnam",6,7.010123158373782,18.36652267493932,6,6,7.010123158373782,18.36652267493932
264,"Khuzestan,Iran",126,147.21258632584943,385.69697617372566,126,126,147.21258632584943,385.69697617372566
265,"Kinshasa,Democratic Republic of the Congo",59,68.93287772400886,180.6041396369032,59,59,68.93287772400886,180.6041396369032
266,"Kirkuk,Iraq",8,9.346830877831707,24.488696899919045,8,8,9.346830877831707,24.488696899919045
267,"Kochi,Japan",4,4.673415438915853,12.244348449959523,4,4,4.673415438915853,12.244348449959523
268,"Kohgiluyeh and Buyer Ahmad,Iran",4,4.673415438915853,12.244348449959523,4,4,4.673415438915853,12.244348449959523
269,"Kordestan,Iran",36,42.06073895024269,110.19913604963577,36,36,42.06073895024269,110.19913604963577
270,"Kumamoto,Japan",8,9.346830877831707,24.488696899919045,8,8,9.346830877831707,24.488696899919045
271,"Kuyavia-Pomerania,Poland",7,8.178477018102747,21.427609787429194,7,7,8.178477018102747,21.427609787429194
272,"Kwara,Nigeria",11,12.851892457018605,33.67195823738875,65,65,12.851892457018605,33.67195823738875
273,"Kwazulu-Natal,South Africa",81,94.63666263804605,247.94805611168064,81,81,94.63666263804605,247.94805611168064
274,"Kyoto Prefecture,Japan",7,8.178477018102747,21.427609787429194,7,7,8.178477018102747,21.427609787429194
275,"Kyzylorda,Kazakhstan",5,5.841769298644816,15.305435562449414,5,5,5.841769298644816,15.305435562449414
276,"La Pampa,Argentina",3,3.505061579186891,9.18326133746966,3,3,3.505061579186891,9.18326133746966
277,"La Reunion,France",33,38.55567737105579,101.0158747121661,33,33,38.55567737105579,101.0158747121661
278,"La Rioja,Spain",293,342.3276809005865,896.8985239595366,293,293,342.3276809005865,896.8985239595366
279,"Lagos,Nigeria",970,1133.303243937095,2969.2544991151863,2750,2750,1133.303243937095,2969.2544991151863
280,"Lapland,Finland",1,1.1683538597289633,3.0610871124898806,1,1,1.1683538597289633,3.0610871124898806
281,"Lazio,Italy",2,2.3367077194579267,6.122174224979761,2,2,2.3367077194579267,6.122174224979761
282,"Lesser Poland,Poland",19,22.198723334850317,58.16065513730787,19,19,22.198723334850317,58.16065513730787
283,"Liaoning,China",482,569.6217088404752,1498.4088771620459,482,482,563.7940752344712,1477.7404771143147
284,"Liguria,Italy",19,22.198723334850317,58.16065513730787,19,19,22.198723334850317,58.16065513730787
285,"Limburg,Netherlands",487,568.9883296880054,1490.7494237825733,487,487,568.9883296880054,1490.7494237825733
286,"Limpopo,South Africa",4,4.673415438915853,12.244348449959523,4,4,4.673415438915853,12.244348449959523
287,"Lisboa,Portugal",1,7.643502310842952,26.02597605440852,1,1,1.8158687048403628,5.357576006681749
288,"Lisbon,Portugal",736,866.3835892116322,2275.925003734476,736,736,860.555955605628,2255.2566036867433
289,"Lodz,Poland",54,63.09110842536403,165.29870407445375,54,54,63.09110842536403,165.29870407445375
290,"Lombardia,Italy",364,467.36926987358396,1263.507487068789,364,364,429.4896514345667,1129.1628867585644
291,"Lorestan,Iran",60,70.10123158373777,183.66522674939296,60,60,70.10123158373777,183.66522674939296
292,"Los Lagos,Chile",150,175.25307895934452,459.1630668734829,150,150,175.25307895934452,459.1630668734829
293,"Los Rios,Chile",58,67.76452386427987,177.54305252441318,58,58,67.76452386427987,177.54305252441318
294,"Louisiana,United States",1469,1726.0245426185168,4531.184301660523,1469,1469,1717.2830922095143,4500.1817015889255
295,"Lower Austria,Austria",564,665.4267253382508,1749.4180203862195,564,564,659.5990917322464,1728.749620338484
296,"Lower Saxony,Germany",469,547.9579602128838,1435.649855757756,469,469,547.9579602128838,1435.649855757756
297,"Lower Silesia,Poland",43,50.23921596834541,131.62674583706493,43,43,50.23921596834541,131.62674583706493
298,"Lublin,Poland",20,23.367077194579263,61.22174224979766,20,20,23.367077194579263,61.22174224979766
299,"Lubusz,Poland",8,9.346830877831707,24.488696899919045,8,8,9.346830877831707,24.488696899919045
300,"Lucerne,Switzerland",1,40.01924456641288,140.85042076400174,1,1,5.053442930397357,16.84002047764105
301,"Macau,China",20,36.317374096807185,107.15152013363488,20,20,24.66210688480204,65.81472003818136
302,"Macedonia,Greece",2,2.3367077194579267,6.122174224979761,2,2,2.3367077194579267,6.122174224979761
303,"Madeira,Portugal",9,10.515184737560672,27.549784012408942,9,9,10.515184737560672,27.549784012408942
304,"Madrid,Spain",4314,5053.228847772963,13251.459581165138,4314,4314,5041.5735805609675,13210.122781069762
305,"Magallanes,Chile",63,73.60629316292471,192.84848808686283,63,63,73.60629316292471,192.84848808686283
306,"Maine,United States",130,151.8860017647652,397.9413246236847,130,130,151.8860017647652,397.9413246236847
307,"Manabi,Ecuador",1,1.1683538597289633,3.0610871124898806,1,1,1.1683538597289633,3.0610871124898806
308,"Mangystau,Kazakhstan",1,1.1683538597289633,3.0610871124898806,1,1,1.1683538597289633,3.0610871124898806
309,"Maramures,Romania",2,2.3367077194579267,6.122174224979761,2,2,2.3367077194579267,6.122174224979761
310,"Maranhao,Brazil",4,4.673415438915853,12.244348449959523,4,4,4.673415438915853,12.244348449959523
311,"Marche,Italy",3,3.505061579186891,9.18326133746966,3,3,3.505061579186891,9.18326133746966
312,"Markazi,Iran",360,420.6073895024269,1101.991360496359,360,360,420.6073895024269,1101.991360496359
313,"Martinique,France",21,24.535431054308226,64.28282936228747,21,21,24.535431054308226,64.28282936228747
314,"Maryland,United States",371,443.1720046361169,1170.1106521466252,371,371,434.43055422711166,1139.108052075032
315,"Masovia,Poland",68,79.44806246156953,208.15392364931222,68,68,79.44806246156953,208.15392364931222
316,"Massachusetts,United States",1224,1433.3026985338058,3758.2530701585692,1224,1224,1430.3888817308068,3747.918870134715
317,"Maule,Chile",58,67.76452386427987,177.54305252441318,58,58,67.76452386427987,177.54305252441318
318,"Mayaguez,Puerto Rico",4,4.673415438915853,12.244348449959523,4,4,4.673415438915853,12.244348449959523
319,"Mayotte,France",15,17.525307895934443,45.91630668734824,15,15,17.525307895934443,45.91630668734824
320,"Maysan,Iraq",2,2.3367077194579267,6.122174224979761,2,2,2.3367077194579267,6.122174224979761
321,"Mazandaran,Iran",242,282.7416340544092,740.7830812225528,242,242,282.7416340544092,740.7830812225528
322,"Mecklenburg-Vorpommern,Germany",12,14.020246316747563,36.73304534987864,12,12,14.020246316747563,36.73304534987864
323,"Melilla,Spain",1,1.1683538597289633,3.0610871124898806,1,1,1.1683538597289633,3.0610871124898806
324,"Mendoza,Argentina",24,28.040492633495127,73.46609069975727,24,24,28.040492633495127,73.46609069975727
325,"Metro,Puerto Rico",24,47.46593798683713,142.36075752551318,24,24,29.983037168829284,80.35555738233282
326,"Metropolitan Region,Chile",186,223.78896636070087,592.3270918650361,186,186,217.9613327546989,571.6586918173101
327,"Mexico,Mexico",2,67.0881922305978,235.7710636441664,2,2,8.811856170571913,29.087063166898357
328,"Michigan,United States",1253,1463.9473862403906,3835.5421519498236,1253,1253,1463.9473862403906,3835.5421519498236
329,"Michoacan,Mexico",300,350.50615791868904,918.3261337469658,300,300,350.50615791868904,918.3261337469658
330,"Mie,Japan",2,2.3367077194579267,6.122174224979761,2,2,2.3367077194579267,6.122174224979761
331,"Minas Gerais,Brazil",21,24.535431054308226,64.28282936228747,21,21,24.535431054308226,64.28282936228747
332,"Minnesota,United States",279,325.9707268643809,854.0433043846781,279,279,325.9707268643809,854.0433043846781
333,"Misiones,Argentina",4,4.673415438915853,12.244348449959523,4,4,4.673415438915853,12.244348449959523
334,"Misiones,Paraguay",2,2.3367077194579267,6.122174224979761,2,2,2.3367077194579267,6.122174224979761
335,"Mississippi,United States",326,387.3585067227559,1020.8792876136216,326,326,381.53087311675296,1000.2108875658931
336,"Missouri,United States",259,302.6036496698014,792.8215621348804,259,259,302.6036496698014,792.8215621348804
337,"Miyazaki,Japan",2,2.3367077194579267,6.122174224979761,2,2,2.3367077194579267,6.122174224979761
338,"Montana,United States",61,71.2695854434668,186.726313861883,61,61,71.2695854434668,186.726313861883
339,"More og Romsdal,Norway",14,16.356954036205494,42.85521957485839,14,14,16.356954036205494,42.85521957485839
340,"Morelos,Mexico",210,248.59188476863918,654.3107380938354,210,210,245.67806796563772,643.9765380699712
341,"Morona Santiago,Ecuador",1,1.1683538597289633,3.0610871124898806,1,1,1.1683538597289633,3.0610871124898806
342,"Moscow City,Russia",2,12.049430396128905,40.5695076378577,2,2,3.3079799871250186,9.566907566267544
343,"Mpumalanga,South Africa",9,10.515184737560672,27.549784012408942,9,9,10.515184737560672,27.549784012408942
344,"Murcia,Spain",132,160.6978579353368,427.0283877905818,132,132,154.87022432933495,406.3599877428569
345,"Nagano,Japan",4,4.673415438915853,12.244348449959523,4,4,4.673415438915853,12.244348449959523
346,"Nairobi County,Kenya",22,25.70378491403721,67.3439164747775,59,59,25.70378491403721,67.3439164747775
347,"Najaf,Iraq",8,9.346830877831707,24.488696899919045,8,8,9.346830877831707,24.488696899919045
348,"Nakhon Pathom,Thailand",2,15.287004621685904,52.05195210881704,2,2,3.6317374096807256,10.715152013363499
349,"Nara Prefecture,Japan",8,15.821979328945675,47.45358584183774,8,8,9.994345722943097,26.785185794110877
350,"National Capital Region (NCR),Philippines",6,19.960420060601745,64.29630055877648,6,6,8.305152848596578,22.959500463323018
351,"Navarra,Spain",3,9.980210030300873,32.14815027938824,3,3,4.152576424298289,11.479750231661509
352,"Navarre,Spain",368,436.42936883137224,1149.4449463381964,368,368,430.6017352253691,1128.7765462904654
353,"Nayarit,Mexico",107,131.48901144211314,350.5012099783362,107,107,125.6613778361104,329.83280993060913
354,"Nebraska,United States",66,90.06165164433975,247.9615273081705,66,66,78.40638443233458,206.62472721271644
355,"Neuchatel,Switzerland",12,33.44569167008955,105.62771217563446,12,12,15.962790852081769,43.62251203245424
356,"Neuquen,Argentina",25,29.208846493224105,76.52717781224715,25,25,29.208846493224105,76.52717781224715
357,"Nevada,United States",233,291.65189467019076,782.1279640358998,233,233,274.1689938521828,720.1227638927188
358,"New Hampshire,United States",94,109.82526281452259,287.7421885740491,94,94,109.82526281452259,287.7421885740491
359,"New Jersey,United States",3722,4361.56336281343,11439.296010571175,3722,3722,4349.908095601424,11397.959210475754
360,"New Mexico,United States",91,112.79534968644977,301.5238161784979,91,91,106.96771608044698,280.8554161307712
361,"New South Wales,Australia",258,301.4352958100729,789.7604750223908,258,258,301.4352958100729,789.7604750223908
362,"New York,United States",4150,5039.685397183048,13380.97574061957,4150,4150,4867.77020580599,12771.2579392117
363,"Newfoundland and Labrador,Canada",4,4.673415438915853,12.244348449959523,4,4,4.673415438915853,12.244348449959523
364,"Nidwalden,Switzerland",4,30.57400924337181,104.10390421763408,4,4,7.263474819361451,21.430304026726997
365,"Ningxia Hui,China",84,98.1417242172329,257.1313174491499,84,84,98.1417242172329,257.1313174491499
366,"Nonthaburi,Thailand",26,56.27779415740892,171.44782069241134,26,26,32.967259733398585,88.77422050150426
367,"Noord-Brabant,Netherlands",4,20.86128656670082,69.65657080475619,4,4,6.292202551694347,17.985570685439207
368,"Noord-Holland,Netherlands",3,35.880803834756804,124.00770604706277,3,3,6.742635804743874,20.665705808428953
369,"Nordland,Norway",2,2.3367077194579267,6.122174224979761,2,2,2.3367077194579267,6.122174224979761
370,"Normandie,France",68,85.92321091268363,231.11881259123098,68,68,80.09557730668078,210.45041254350352
371,"Normandy,France",224,268.1864130304016,708.6484021396518,224,224,262.3587794243994,687.9800020919251
372,"Norrbotten,Sweden",9,10.515184737560672,27.549784012408942,9,9,10.515184737560672,27.549784012408942
373,"Norte,Portugal",1003,1171.858921308151,3070.2703738273544,1003,1003,1171.858921308151,3070.2703738273544
374,"North Brabant,Netherlands",1080,1268.297316958396,3328.938970430997,1080,1080,1262.4696833523917,3308.270570383265
375,"North Carolina,United States",330,398.5070706127852,1056.0885250054962,330,330,386.8518034007814,1014.7517249100451
376,"North Caucasian,Russia",4,4.673415438915853,12.244348449959523,4,4,4.673415438915853,12.244348449959523
377,"North Chungcheong,South Korea",66,90.06165164433975,247.9615273081705,66,66,78.40638443233458,206.62472721271644
378,"North Dakota,United States",32,37.38732351132683,97.95478759967618,32,32,37.38732351132683,97.95478759967618
379,"North Gyeongsang,South Korea",1014,1184.7108137651694,3103.9423320647434,1014,1014,1184.7108137651694,3103.9423320647434
380,"North Holland,Netherlands",569,684.2187915391231,1810.6532338325028,569,569,666.7358907211122,1748.6480336893146
381,"North Jeolla,South Korea",8,9.346830877831707,24.488696899919045,8,8,9.346830877831707,24.488696899919045
382,"North Kazakhstan,Kazakhstan",1,1.1683538597289633,3.0610871124898806,1,1,1.1683538597289633,3.0610871124898806
383,"North Khorasan,Iran",6,7.010123158373782,18.36652267493932,6,6,7.010123158373782,18.36652267493932
384,"North Rhine-Westphalia,Germany",2092,2444.196274552992,6403.79423932884,2092,2092,2444.196274552992,6403.79423932884
385,"North West,South Africa",4,4.673415438915853,12.244348449959523,4,4,4.673415438915853,12.244348449959523
386,"North Western,Russia",13,15.188600176476529,39.79413246236851,13,13,15.188600176476529,39.79413246236851
387,"Northern Cape,South Africa",2,2.3367077194579267,6.122174224979761,2,2,2.3367077194579267,6.122174224979761
388,"Northern Ireland,United Kingdom",248,289.751757212783,759.149603897492,248,248,289.751757212783,759.149603897492
389,"Northern Region,Denmark",13,15.188600176476529,39.79413246236851,13,13,15.188600176476529,39.79413246236851
390,"Nouvelle-Aquitaine,France",331,386.7251275702871,1013.219834234152,331,331,386.7251275702871,1013.219834234152
391,"Nova Scotia,Canada",13,15.188600176476529,39.79413246236851,13,13,15.188600176476529,39.79413246236851
392,"Nuble,Chile",244,285.0783417738672,746.905255447532,244,244,285.0783417738672,746.905255447532
393,"Nuevo Leon,Mexico",736,859.908440760517,2252.9601147925528,736,736,859.908440760517,2252.9601147925528
394,"OHiggins,Chile",13,15.188600176476529,39.79413246236851,13,13,15.188600176476529,39.79413246236851
395,"Oaxaca,Mexico",252,300.90032110281237,794.3588412893688,252,252,295.0726874968098,773.6904412416413
396,"Obwalden,Switzerland",1,33.5440961152989,117.8855318220832,1,1,4.405928085285956,14.543531583449179
397,"Occitanie,France",363,424.11245108161387,1111.1746218338287,363,363,424.11245108161387,1111.1746218338287
398,"Ogun,Nigeria",54,63.09110842536403,165.29870407445375,175,175,63.09110842536403,165.29870407445375
399,"Ohio,United States",479,562.879073035731,1477.7431713536157,479,479,559.965256232729,1467.408971329751
400,"Okinawa,Japan",2,2.3367077194579267,6.122174224979761,2,2,2.3367077194579267,6.122174224979761
401,"Oklahoma,United States",84,104.61687266834704,280.09620639106873,84,84,98.78923906234421,259.4278063433419
402,"Ondo,Nigeria",9,10.515184737560672,27.549784012408942,20,20,10.515184737560672,27.549784012408942
403,"Ontario,Canada",303,366.96151640010316,973.4391729682698,303,303,355.30624918809946,932.1023728728195
404,"Opole,Poland",9,10.515184737560672,27.549784012408942,9,9,10.515184737560672,27.549784012408942
405,"Orebro,Sweden",15,17.525307895934443,45.91630668734824,15,15,17.525307895934443,45.91630668734824
406,"Oregon,United States",206,240.68089510416647,630.5839451729166,206,206,240.68089510416647,630.5839451729166
407,"Orellana,Ecuador",1,1.1683538597289633,3.0610871124898806,1,1,1.1683538597289633,3.0610871124898806
408,"Oromia,Ethiopia",3,3.505061579186891,9.18326133746966,3,3,3.505061579186891,9.18326133746966
409,"Osaka,Japan",64,94.20009237599544,264.80424202510795,64,64,76.71719155798796,202.79904188192847
410,"Oslo,Norway",212,254.16616671365387,671.9153567897738,212,212,248.33853310765195,651.2469567420474
411,"Osrednjeslovenska,Slovenia",1,1.1683538597289633,3.0610871124898806,1,1,1.1683538597289633,3.0610871124898806
412,"Ostergotland,Sweden",69,80.61641632129849,211.21501076180223,69,69,80.61641632129849,211.21501076180223
413,"Osun,Nigeria",36,42.06073895024269,110.19913604963577,44,44,42.06073895024269,110.19913604963577
414,"Overijssel,Netherlands",221,264.6813514512146,699.4651408021825,221,221,258.85371784521254,678.796740754456
415,"Oyo,Nigeria",22,25.70378491403721,67.3439164747775,142,142,25.70378491403721,67.3439164747775
416,"Pais Vasco,Spain",147,178.22316583127127,472.9446944779309,147,147,172.39553222526948,452.2762944302058
417,"Para,Brazil",6,7.010123158373782,18.36652267493932,6,6,7.010123158373782,18.36652267493932
418,"Pavlodar,Kazakhstan",1,1.1683538597289633,3.0610871124898806,1,1,1.1683538597289633,3.0610871124898806
419,"Pays de la Loire,France",144,168.24295580097075,440.7965441985431,144,144,168.24295580097075,440.7965441985431
420,"Peloponnese, Western Greece and the Ionian Islands,Greece",13,15.188600176476529,39.79413246236851,13,13,15.188600176476529,39.79413246236851
421,"Pennsylvania,United States",598,701.9131823434781,1842.012537739913,598,598,698.9993655404758,1831.678337716048
422,"Pernambuco,Brazil",9,10.515184737560672,27.549784012408942,9,9,10.515184737560672,27.549784012408942
423,"Pichincha,Ecuador",4,4.673415438915853,12.244348449959523,4,4,4.673415438915853,12.244348449959523
424,"Piemonte,Italy",1,1.1683538597289633,3.0610871124898806,1,1,1.1683538597289633,3.0610871124898806
425,"Pleven,Bulgaria",2,2.3367077194579267,6.122174224979761,2,2,2.3367077194579267,6.122174224979761
426,"Podlaskie,Poland",4,4.673415438915853,12.244348449959523,4,4,4.673415438915853,12.244348449959523
427,"Pomerania,Poland",11,12.851892457018605,33.67195823738875,11,11,12.851892457018605,33.67195823738875
428,"Ponce,Puerto Rico",1,1.1683538597289633,3.0610871124898806,1,1,1.1683538597289633,3.0610871124898806
429,"Porto,Portugal",5,5.841769298644816,15.305435562449414,5,5,5.841769298644816,15.305435562449414
430,"Prachuap Khiri Khan,Thailand",2,2.3367077194579267,6.122174224979761,2,2,2.3367077194579267,6.122174224979761
431,"Primorje-Gorski Kotar,Croatia",3,3.505061579186891,9.18326133746966,3,3,3.505061579186891,9.18326133746966
432,"Prince Edward Island,Canada",1,1.1683538597289633,3.0610871124898806,1,1,1.1683538597289633,3.0610871124898806
433,"Principado de Asturias,Spain",6,13.485271609487748,41.331411616857906,6,6,7.657638003485167,20.663011569131136
434,"Provence-Alpes-Cote d'Azur,France",147,178.22316583127127,472.9446944779309,147,147,172.39553222526948,452.2762944302058
435,"Provence-Alpes-Cote d’Azur,France",684,805.6291885057266,2116.748473885007,684,684,799.8015548997214,2096.0800738372704
436,"Province No.-3,Nepal",2,2.3367077194579267,6.122174224979761,2,2,2.3367077194579267,6.122174224979761
437,"Puebla,Mexico",1387,1620.5068034440724,4245.727825023465,1387,1387,1620.5068034440724,4245.727825023465
438,"Puglia,Italy",1,1.1683538597289633,3.0610871124898806,1,1,1.1683538597289633,3.0610871124898806
439,"Qazvin,Iran",222,259.37455685982997,679.5613389727546,222,222,259.37455685982997,679.5613389727546
440,"Qinghai,China",36,42.06073895024269,110.19913604963577,36,36,42.06073895024269,110.19913604963577
441,"Qom,Iran",772,924.6321992896607,2443.53636213891,772,772,904.2354816686513,2371.196961971867
442,"Quebec,Canada",69,83.85399054685533,222.69745523276097,69,69,80.94017374385434,212.36325520889824
443,"Queensland,Australia",70,81.78477018102748,214.27609787429213,70,70,81.78477018102748,214.27609787429213
444,"Queretaro,Mexico",346,404.25043546622146,1059.1361409215008,346,346,404.25043546622146,1059.1361409215008
445,"Quintana Roo,Mexico",1095,1279.3474764032153,3351.890388176421,1095,1095,1279.3474764032153,3351.890388176421
446,"Rajasthan,India",1011,1181.2057521859826,3094.7590707272784,3545,3447,1181.2057521859826,3094.7590707272784
447,"Razavi Khorasan,Iran",178,207.96698703175556,544.8735060231998,178,178,207.96698703175556,544.8735060231998
448,"Region de Murcia,Spain",4,11.148563890029832,35.209237391878155,4,4,5.320930284027239,14.54083734415136
449,"Republika Srpska,Bosnia and Herzegovina",1,1.1683538597289633,3.0610871124898806,1,1,1.1683538597289633,3.0610871124898806
450,"Rhineland-Palatinate,Germany",251,293.25681879197,768.3328652349613,251,251,293.25681879197,768.3328652349613
451,"Rhode Island,United States",111,129.68727842991498,339.7806694863773,111,111,129.68727842991498,339.7806694863773
452,"Rio Grande Do Sul,Brazil",3,3.505061579186891,9.18326133746966,3,3,3.505061579186891,9.18326133746966
453,"Rio Grande do Norte,Brazil",17,19.862015615392384,52.038480912328055,17,17,19.862015615392384,52.038480912328055
454,"Rio Grande do Sul,Brazil",2,2.3367077194579267,6.122174224979761,2,2,2.3367077194579267,6.122174224979761
455,"Rio Norte,Argentina",8,9.346830877831707,24.488696899919045,8,8,9.346830877831707,24.488696899919045
456,"Rio de Janeiro,Brazil",493,579.2360270719366,1520.5983909284744,493,493,576.3222102689346,1510.2641909046094
457,"Rivers,Nigeria",13,15.188600176476529,39.79413246236851,53,53,15.188600176476529,39.79413246236851
458,"Rizal,Philippines",123,150.18267319777627,399.47860377817307,181,171,144.35503959177416,378.8102037304485
459,"Rogaland,Norway",52,60.754400705906114,159.17652984947404,52,52,60.754400705906114,159.17652984947404
460,"Saarland,Germany",17,19.862015615392384,52.038480912328055,17,17,19.862015615392384,52.038480912328055
461,"Sacatepequez,Guatemala",1,7.643502310842952,26.02597605440852,1,1,1.8158687048403628,5.357576006681749
462,"Saint-Martin,France",4,4.673415438915853,12.244348449959523,4,4,4.673415438915853,12.244348449959523
463,"Saitama,Japan",12,20.495394767861523,59.697934291797225,12,12,14.66776116185895,39.02953424407042
464,"Salta,Argentina",3,6.742635804743874,20.665705808428953,3,3,3.8288190017425836,10.331505784565568
465,"Salzburg,Austria",772,901.96917971076,2363.1592508421913,772,772,901.96917971076,2363.1592508421913
466,"San Luis Potosi,Mexico",314,366.86311195489446,961.1813533218241,314,314,366.86311195489446,961.1813533218241
467,"San Luis,Argentina",7,8.178477018102747,21.427609787429194,7,7,8.178477018102747,21.427609787429194
468,"Sankt Gallen,Switzerland",46,60.21942599864639,163.7748961164535,46,46,54.39179239264381,143.1064960687266
469,"Santa Catarina,Brazil",14,16.356954036205494,42.85521957485839,14,14,16.356954036205494,42.85521957485839
470,"Santa Cruz,Argentina",19,22.198723334850317,58.16065513730787,19,19,22.198723334850317,58.16065513730787
471,"Santa Elena,Ecuador",3,3.505061579186891,9.18326133746966,3,3,3.505061579186891,9.18326133746966
472,"Santa Fe,Argentina",120,143.4400373930324,378.81289796974556,120,120,140.5262205900312,368.47869794588115
473,"Santiago Metropolitan Region,Chile",1,7.643502310842952,26.02597605440852,1,1,1.8158687048403628,5.357576006681749
474,"Santiago del Estero,Argentina",1,1.1683538597289633,3.0610871124898806,1,1,1.1683538597289633,3.0610871124898806
475,"Sao Paulo,Brazil",1251,1481.0361238742726,3898.314644550588,1251,1251,1463.5532230562662,3836.3094444074172
476,"Saxony,Germany",87,101.64678579641983,266.3145787866199,87,87,101.64678579641983,266.3145787866199
477,"Saxony-Anhalt,Germany",24,28.040492633495127,73.46609069975727,24,24,28.040492633495127,73.46609069975727
478,"Schleswig-Holstein,Germany",83,100.21094458306077,265.5526748076193,83,83,97.29712778005987,255.21847478375665
479,"Schwyz,Switzerland",7,47.029367724786674,159.2169434389411,7,7,12.063566088771118,35.20654315258034
480,"Scotland,United Kingdom",982,1147.3234902538425,3005.98754446507,982,982,1147.3234902538425,3005.98754446507
481,"Sejong,South Korea",58,93.66511766873576,269.40260829208813,58,58,70.3545832447254,186.7290081011808
482,"Selangor,Malaysia",4,17.623712341143825,58.174126333796714,4,4,5.968445129138654,16.83732623834325
483,"Semnan,Iran",120,140.20246316747554,367.3304534987859,120,120,140.20246316747554,367.3304534987859
484,"Seoul,South Korea",146,183.52996042265676,492.8484963073604,146,146,171.8746932106512,451.5116962119069
485,"Sergipe,Brazil",18,24.26794370067839,66.5820124957774,18,18,21.35412689767709,56.247812471913896
486,"Severno-Backi,Serbia",1,1.1683538597289633,3.0610871124898806,1,1,1.1683538597289633,3.0610871124898806
487,"Shaanxi,China",418,501.32221026893404,1325.4641909046065,418,418,489.66694305693017,1284.1273908091564
488,"Shandong,China",766,894.9590565523858,2344.792728167251,766,766,894.9590565523858,2344.792728167251
489,"Shanghai,China",468,585.6404970598395,1570.3781022967812,468,468,550.6746954238236,1446.367702010416
490,"Shanxi,China",186,217.31381790958727,569.3622029231185,186,186,217.31381790958727,569.3622029231185
491,"Shiga,Japan",2,2.3367077194579267,6.122174224979761,2,2,2.3367077194579267,6.122174224979761
492,"Shizuoka,Japan",2,2.3367077194579267,6.122174224979761,2,2,2.3367077194579267,6.122174224979761
493,"Shymkent,Kazakhstan",1,1.1683538597289633,3.0610871124898806,1,1,1.1683538597289633,3.0610871124898806
494,"Siauliai,Lithuania",1,1.1683538597289633,3.0610871124898806,1,1,1.1683538597289633,3.0610871124898806
495,"Siberian Federal District,Russia",1,1.1683538597289633,3.0610871124898806,1,1,1.1683538597289633,3.0610871124898806
496,"Sichuan,China",760,887.9489333940123,2326.4262054923115,760,760,887.9489333940123,2326.4262054923115
497,"Sicily,Italy",4,4.673415438915853,12.244348449959523,4,4,4.673415438915853,12.244348449959523
498,"Sihanoukville,Cambodia",2,2.3367077194579267,6.122174224979761,2,2,2.3367077194579267,6.122174224979761
499,"Silesia,Poland",31,36.218969651597874,94.8937004871865,31,31,36.218969651597874,94.8937004871865
500,"Sinaloa,Mexico",1050,1226.7715527154119,3214.141468114381,1050,1050,1226.7715527154119,3214.141468114381
501,"Sindh,Pakistan",6,7.010123158373782,18.36652267493932,6,6,7.010123158373782,18.36652267493932
502,"Sistan and Baluchestan,Iran",38,44.397446669700635,116.32131027461574,38,38,44.397446669700635,116.32131027461574
503,"Skane,Sweden",18,21.030369475121343,55.099568024817884,18,18,21.030369475121343,55.099568024817884
504,"Sodermanland,Sweden",23,26.872138773766157,70.40500358726727,23,23,26.872138773766157,70.40500358726727
505,"Sonora,Mexico",330,385.55677371055793,1010.158747121661,330,330,385.55677371055793,1010.158747121661
506,"South Australia,Australia",40,46.734154389158526,122.44348449959531,40,40,46.734154389158526,122.44348449959531
507,"South Carolina,United States",248,289.751757212783,759.149603897492,248,248,289.751757212783,759.149603897492
508,"South Chungcheong,South Korea",132,160.6978579353368,427.0283877905818,132,132,154.87022432933495,406.3599877428569
509,"South Dakota,United States",37,43.22909280997167,113.26022316212574,37,37,43.22909280997167,113.26022316212574
510,"South Gyeongsang,South Korea",94,109.82526281452259,287.7421885740491,94,94,109.82526281452259,287.7421885740491
511,"South Holland,Netherlands",602,709.8241720079516,1865.7393306608335,602,602,703.9965384019469,1845.0709306131014
512,"South Jeolla,South Korea",12,33.44569167008955,105.62771217563446,12,12,15.962790852081769,43.62251203245424
513,"South Khorasan,Iran",30,35.050615791868886,91.83261337469648,30,30,35.050615791868886,91.83261337469648
514,"Southern Finland,Finland",6,7.010123158373782,18.36652267493932,6,6,7.010123158373782,18.36652267493932
515,"Southern Region,Denmark",28,32.71390807241099,85.71043914971678,28,28,32.71390807241099,85.71043914971678
516,"Southern,Russia",4,4.673415438915853,12.244348449959523,4,4,4.673415438915853,12.244348449959523
517,"Stockholm,Sweden",354,413.5972663440532,1083.6248378214182,354,354,413.5972663440532,1083.6248378214182
518,"Styria,Austria",486,567.8199758282765,1487.688336670084,486,486,567.8199758282765,1487.688336670084
519,"Subcarpathia,Poland",11,12.851892457018605,33.67195823738875,11,11,12.851892457018605,33.67195823738875
520,"Tabasco,Mexico",851,994.2691346293483,2604.985132728893,851,851,994.2691346293483,2604.985132728893
521,"Tamaulipas,Mexico",285,332.9808500227546,872.4098270596165,285,285,332.9808500227546,872.4098270596165
522,"Tarapaca,Chile",10,11.683538597289632,30.61087112489883,10,10,11.683538597289632,30.61087112489883
523,"Tasmania,Australia",4,4.673415438915853,12.244348449959523,4,4,4.673415438915853,12.244348449959523
524,"Tehran,Iran",2704,3178.6542820604564,8346.074218998405,2704,2704,3161.1713812424505,8284.069018855233
525,"Tel Aviv,Israel",6,19.960420060601745,64.29630055877648,6,6,8.305152848596578,22.959500463323018
526,"Telangana,India",192,224.32394106796102,587.7287255980582,1392,1323,224.32394106796102,587.7287255980582
527,"Tennessee,United States",590,692.5663514656464,1817.523840839993,590,590,689.6525346626441,1807.1896408161278
528,"Texas,United States",353,425.3792093865514,1126.4935285927656,353,353,413.7239421745478,1085.1567284973144
529,"Thanh Hoa,Vietnam",2,2.3367077194579267,6.122174224979761,2,2,2.3367077194579267,6.122174224979761
530,"Thanh pho Ho Chi Minh,Vietnam",2,2.3367077194579267,6.122174224979761,2,2,2.3367077194579267,6.122174224979761
531,"Thessaly and Central Greece,Greece",1,1.1683538597289633,3.0610871124898806,1,1,1.1683538597289633,3.0610871124898806
532,"Thimphu,Bhutan",2,2.3367077194579267,6.122174224979761,2,2,2.3367077194579267,6.122174224979761
533,"Thuringia,Germany",63,73.60629316292471,192.84848808686283,63,63,73.60629316292471,192.84848808686283
534,"Tianjin,China",112,130.85563228964395,342.8417565988671,112,112,130.85563228964395,342.8417565988671
535,"Tibet,China",4,4.673415438915853,12.244348449959523,4,4,4.673415438915853,12.244348449959523
536,"Ticino,Switzerland",176,205.6302793122977,538.75133179822,176,176,205.6302793122977,538.75133179822
537,"Tierra del Fuego,Argentina",39,45.565800529429595,119.38239738710539,39,39,45.565800529429595,119.38239738710539
538,"Timis,Romania",7,8.178477018102747,21.427609787429194,7,7,8.178477018102747,21.427609787429194
539,"Tlaxcala,Mexico",184,214.97711019012925,563.2400286981382,184,184,214.97711019012925,563.2400286981382
540,"Tokyo,Japan",112,163.23137454521387,457.66620130845996,112,112,134.0932065152008,354.3242010698259
541,"Toscana,Italy",2,2.3367077194579267,6.122174224979761,2,2,2.3367077194579267,6.122174224979761
542,"Transbaikalia,Russia",1,1.1683538597289633,3.0610871124898806,1,1,1.1683538597289633,3.0610871124898806
543,"Trentino-Alto Adige,Italy",1,7.643502310842952,26.02597605440852,1,1,1.8158687048403628,5.357576006681749
544,"Troms and Finnmark,Norway",1,7.643502310842952,26.02597605440852,1,1,1.8158687048403628,5.357576006681749
545,"Troms og Finnmark,Norway",22,25.70378491403721,67.3439164747775,22,22,25.70378491403721,67.3439164747775
546,"Troms,Norway",1,7.643502310842952,26.02597605440852,1,1,1.8158687048403628,5.357576006681749
547,"Trondelag,Norway",36,42.06073895024269,110.19913604963577,36,36,42.06073895024269,110.19913604963577
548,"Tucuman,Argentina",16,18.693661755663413,48.97739379983809,16,16,18.693661755663413,48.97739379983809
549,"Tyrol,Austria",703,821.3527633894616,2151.944240080389,703,703,821.3527633894616,2151.944240080389
550,"Tyumen,Russia",1,1.1683538597289633,3.0610871124898806,1,1,1.1683538597289633,3.0610871124898806
551,"Ulsan,South Korea",88,109.2902881072629,292.3405548410287,88,88,103.46265450126008,271.6721547933018
552,"Upper Austria,Austria",707,826.0261788283769,2164.188588530345,707,707,826.0261788283769,2164.188588530345
553,"Uppsala,Sweden",22,25.70378491403721,67.3439164747775,22,22,25.70378491403721,67.3439164747775
554,"Ural,Russia",10,11.683538597289632,30.61087112489883,10,10,11.683538597289632,30.61087112489883
555,"Usti nad Labem,Czech Republic",1,1.1683538597289633,3.0610871124898806,1,1,1.1683538597289633,3.0610871124898806
556,"Utah,United States",240,286.8800747860648,757.6257959394911,240,240,281.0524411800624,736.9573958917623
557,"Utrecht,Netherlands",305,388.7236694729039,1048.456014019009,305,305,359.5855014428917,945.1140137803765
558,"Uttar Pradesh,India",522,609.8807147785188,1597.8874727197192,1661,1661,609.8807147785188,1597.8874727197192
559,"Valais,Switzerland",10,11.683538597289632,30.61087112489883,10,10,11.683538597289632,30.61087112489883
560,"Valencian Community,Spain",788,920.6628414664233,2412.136644642028,788,788,920.6628414664233,2412.136644642028
561,"Valparaiso,Chile",108,126.18221685072805,330.5974081489075,108,108,126.18221685072805,330.5974081489075
562,"Varmland,Sweden",6,7.010123158373782,18.36652267493932,6,6,7.010123158373782,18.36652267493932
563,"Vasterbotten,Sweden",3,3.505061579186891,9.18326133746966,3,3,3.505061579186891,9.18326133746966
564,"Vasternorrland,Sweden",2,2.3367077194579267,6.122174224979761,2,2,2.3367077194579267,6.122174224979761
565,"Vastmanland,Sweden",4,4.673415438915853,12.244348449959523,4,4,4.673415438915853,12.244348449959523
566,"Vastra Gotaland,Sweden",42,49.07086210861645,128.56565872457494,42,42,49.07086210861645,128.56565872457494
567,"Vaud,Switzerland",56,78.37811304705006,217.3506561832712,56,56,66.72284583504478,176.01385608781715
568,"Veneto,Italy",98,114.4986782534384,299.9865370240085,98,98,114.4986782534384,299.9865370240085
569,"Veracruz,Mexico",395,464.7373488184984,1220.6118539044655,395,395,461.82353201549597,1210.2776538806002
570,"Vermont,United States",59,68.93287772400886,180.6041396369032,59,59,68.93287772400886,180.6041396369032
571,"Vestfold og Telemark,Norway",15,17.525307895934443,45.91630668734824,15,15,17.525307895934443,45.91630668734824
572,"Vestland,Norway",82,95.80501649777499,251.00914322417063,82,82,95.80501649777499,251.00914322417063
573,"Victoria,Australia",112,163.23137454521387,457.66620130845996,112,112,134.0932065152008,354.3242010698259
574,"Vienna,Austria",476,562.6115856821012,1480.0423544871057,476,476,556.7839520760976,1459.3739544393766
575,"Viken,Norway",167,195.115094574737,511.2015477858106,167,167,195.115094574737,511.2015477858106
576,"Vinh Phuc,Vietnam",22,25.70378491403721,67.3439164747775,22,22,25.70378491403721,67.3439164747775
577,"Virginia,United States",218,257.9387156464709,678.7994349937545,218,218,255.0248988434695,668.4652349698904
578,"Volga,Russia",18,21.030369475121343,55.099568024817884,18,18,21.030369475121343,55.099568024817884
579,"Vorarlberg,Austria",323,377.3782966924552,988.7311373342318,323,323,377.3782966924552,988.7311373342318
580,"Wakayama Prefecture,Japan",20,23.367077194579263,61.22174224979766,20,20,23.367077194579263,61.22174224979766
581,"Wales,United Kingdom",820,958.0501649777505,2510.091432241704,820,820,958.0501649777505,2510.091432241704
582,"Wallonia,Belgium",454,530.4326523169495,1389.7335490704088,454,454,530.4326523169495,1389.7335490704088
583,"Warmia-Masuria,Poland",8,9.346830877831707,24.488696899919045,8,8,9.346830877831707,24.488696899919045
584,"Washington,United States",2312,2714.184420595595,7123.163181960445,2312,2312,2702.5291533835843,7081.826381864998
585,"West Azarbaijan,Iran",20,23.367077194579263,61.22174224979766,20,20,23.367077194579263,61.22174224979766
586,"West Kazakhstan,Kazakhstan",2,2.3367077194579267,6.122174224979761,2,2,2.3367077194579267,6.122174224979761
587,"West Pomerania,Poland",7,8.178477018102747,21.427609787429194,7,7,8.178477018102747,21.427609787429194
588,"West Virginia,United States",13,15.188600176476529,39.79413246236851,13,13,15.188600176476529,39.79413246236851
589,"Western Australia,Australia",8,9.346830877831707,24.488696899919045,8,8,9.346830877831707,24.488696899919045
590,"Western Cape,South Africa",131,156.291929850051,412.4848562071336,131,131,153.37811304704962,402.1506561832698
591,"Wilayah Persekutuan Kuala Lumpur,Malaysia",12,20.495394767861523,59.697934291797225,12,12,14.66776116185895,39.02953424407042
592,"Wisconsin,United States",325,389.42772708858456,1029.3006449720908,325,325,380.68627667957946,998.2980449004973
593,"Wyoming,United States",24,28.040492633495127,73.46609069975727,24,24,28.040492633495127,73.46609069975727
594,"Xinjiang,China",94,109.82526281452259,287.7421885740491,94,94,109.82526281452259,287.7421885740491
595,"Yamaguchi,Japan",4,4.673415438915853,12.244348449959523,4,4,4.673415438915853,12.244348449959523
596,"Yamanashi,Japan",2,2.3367077194579267,6.122174224979761,2,2,2.3367077194579267,6.122174224979761
597,"Yazd,Iran",14,16.356954036205494,42.85521957485839,14,14,16.356954036205494,42.85521957485839
598,"Yucatan,Mexico",598,698.6756081179204,1830.5300932689502,598,598,698.6756081179204,1830.5300932689502
599,"Yunnan,China",274,349.2671255957483,942.07986906086,274,274,323.0427743687365,849.0720688460899
600,"Zacatecas,Mexico",82,95.80501649777499,251.00914322417063,82,82,95.80501649777499,251.00914322417063
601,"Zagreb City,Croatia",3,3.505061579186891,9.18326133746966,3,3,3.505061579186891,9.18326133746966
602,"Zanjan,Iran",30,35.050615791868886,91.83261337469648,30,30,35.050615791868886,91.83261337469648
603,"Zealand,Denmark",41,47.90250824888749,125.50457161208531,41,41,47.90250824888749,125.50457161208531
604,"Zeeland,Netherlands",56,65.42781614482197,171.42087829943355,56,56,65.42781614482197,171.42087829943355
605,"Zhejiang,China",2304,2698.3624412666404,7075.7095961185905,2304,2304,2692.5348076606415,7055.041196070881
606,"Zug,Switzerland",21,63.3863217609922,202.07216301379952,21,21,28.420520124976655,78.06176272743875
607,"Zuid-Holland,Netherlands",2,31.47487574947084,109.46417446361377,2,2,5.250524522459216,16.45637424884314
608,"Zurich,Switzerland",59,91.5958973029079,260.9812509336187,59,59,71.19917968189857,188.6418507665739
